10X145-3	10X145_3_S10_L003.fastq.tar	https://data.nemoarchive.org/biccn/grant/u01_lein/linnarsson/transcriptome/sncell/10x_v3/human/raw/10X145-3/HHT7VDSXX/10X145-3_S10_L003.fastq.tar
10X145-3	10X145_3_S10_L004.fastq.tar	https://data.nemoarchive.org/biccn/grant/u01_lein/linnarsson/transcriptome/sncell/10x_v3/human/raw/10X145-3/HHT7VDSXX/10X145-3_S10_L004.fastq.tar
10X145-3	10X145_3_S16_L003.fastq.tar	https://data.nemoarchive.org/biccn/grant/u01_lein/linnarsson/transcriptome/sncell/10x_v3/human/raw/10X145-3/HJFKGDSXX/10X145-3_S16_L003.fastq.tar
10X145-3	10X145_3_S16_L004.fastq.tar	https://data.nemoarchive.org/biccn/grant/u01_lein/linnarsson/transcriptome/sncell/10x_v3/human/raw/10X145-3/HJFKGDSXX/10X145-3_S16_L004.fastq.tar
10X145-3	10X145_3_S7_L001.fastq.tar	https://data.nemoarchive.org/biccn/grant/u01_lein/linnarsson/transcriptome/sncell/10x_v3/human/raw/10X145-3/HL377BGX9/10X145-3_S7_L001.fastq.tar
10X145-3	10X145_3_S7_L002.fastq.tar	https://data.nemoarchive.org/biccn/grant/u01_lein/linnarsson/transcriptome/sncell/10x_v3/human/raw/10X145-3/HL377BGX9/10X145-3_S7_L002.fastq.tar
10X145-3	10X145_3_S7_L003.fastq.tar	https://data.nemoarchive.org/biccn/grant/u01_lein/linnarsson/transcriptome/sncell/10x_v3/human/raw/10X145-3/HL377BGX9/10X145-3_S7_L003.fastq.tar
10X145-3	10X145_3_S7_L004.fastq.tar	https://data.nemoarchive.org/biccn/grant/u01_lein/linnarsson/transcriptome/sncell/10x_v3/human/raw/10X145-3/HL377BGX9/10X145-3_S7_L004.fastq.tar
10X145-4	10X145_4_S11_L003.fastq.tar	https://data.nemoarchive.org/biccn/grant/u01_lein/linnarsson/transcriptome/sncell/10x_v3/human/raw/10X145-4/HHT7VDSXX/10X145-4_S11_L003.fastq.tar
10X145-4	10X145_4_S11_L004.fastq.tar	https://data.nemoarchive.org/biccn/grant/u01_lein/linnarsson/transcriptome/sncell/10x_v3/human/raw/10X145-4/HHT7VDSXX/10X145-4_S11_L004.fastq.tar
10X145-4	10X145_4_S17_L003.fastq.tar	https://data.nemoarchive.org/biccn/grant/u01_lein/linnarsson/transcriptome/sncell/10x_v3/human/raw/10X145-4/HJFKGDSXX/10X145-4_S17_L003.fastq.tar
10X145-4	10X145_4_S17_L004.fastq.tar	https://data.nemoarchive.org/biccn/grant/u01_lein/linnarsson/transcriptome/sncell/10x_v3/human/raw/10X145-4/HJFKGDSXX/10X145-4_S17_L004.fastq.tar
10X145-4	10X145_4_S8_L001.fastq.tar	https://data.nemoarchive.org/biccn/grant/u01_lein/linnarsson/transcriptome/sncell/10x_v3/human/raw/10X145-4/HL377BGX9/10X145-4_S8_L001.fastq.tar
10X145-4	10X145_4_S8_L002.fastq.tar	https://data.nemoarchive.org/biccn/grant/u01_lein/linnarsson/transcriptome/sncell/10x_v3/human/raw/10X145-4/HL377BGX9/10X145-4_S8_L002.fastq.tar
10X145-4	10X145_4_S8_L003.fastq.tar	https://data.nemoarchive.org/biccn/grant/u01_lein/linnarsson/transcriptome/sncell/10x_v3/human/raw/10X145-4/HL377BGX9/10X145-4_S8_L003.fastq.tar
10X145-4	10X145_4_S8_L004.fastq.tar	https://data.nemoarchive.org/biccn/grant/u01_lein/linnarsson/transcriptome/sncell/10x_v3/human/raw/10X145-4/HL377BGX9/10X145-4_S8_L004.fastq.tar
10X145-5	10X145_5_S12_L003.fastq.tar	https://data.nemoarchive.org/biccn/grant/u01_lein/linnarsson/transcriptome/sncell/10x_v3/human/raw/10X145-5/HHT7VDSXX/10X145-5_S12_L003.fastq.tar
10X145-5	10X145_5_S12_L004.fastq.tar	https://data.nemoarchive.org/biccn/grant/u01_lein/linnarsson/transcriptome/sncell/10x_v3/human/raw/10X145-5/HHT7VDSXX/10X145-5_S12_L004.fastq.tar
10X145-5	10X145_5_S18_L003.fastq.tar	https://data.nemoarchive.org/biccn/grant/u01_lein/linnarsson/transcriptome/sncell/10x_v3/human/raw/10X145-5/HJFKGDSXX/10X145-5_S18_L003.fastq.tar
10X145-5	10X145_5_S18_L004.fastq.tar	https://data.nemoarchive.org/biccn/grant/u01_lein/linnarsson/transcriptome/sncell/10x_v3/human/raw/10X145-5/HJFKGDSXX/10X145-5_S18_L004.fastq.tar
10X145-5	10X145_5_S9_L001.fastq.tar	https://data.nemoarchive.org/biccn/grant/u01_lein/linnarsson/transcriptome/sncell/10x_v3/human/raw/10X145-5/HL377BGX9/10X145-5_S9_L001.fastq.tar
10X145-5	10X145_5_S9_L002.fastq.tar	https://data.nemoarchive.org/biccn/grant/u01_lein/linnarsson/transcriptome/sncell/10x_v3/human/raw/10X145-5/HL377BGX9/10X145-5_S9_L002.fastq.tar
10X145-5	10X145_5_S9_L003.fastq.tar	https://data.nemoarchive.org/biccn/grant/u01_lein/linnarsson/transcriptome/sncell/10x_v3/human/raw/10X145-5/HL377BGX9/10X145-5_S9_L003.fastq.tar
10X145-5	10X145_5_S9_L004.fastq.tar	https://data.nemoarchive.org/biccn/grant/u01_lein/linnarsson/transcriptome/sncell/10x_v3/human/raw/10X145-5/HL377BGX9/10X145-5_S9_L004.fastq.tar
10X145-6	10X145_6_S13_L003.fastq.tar	https://data.nemoarchive.org/biccn/grant/u01_lein/linnarsson/transcriptome/sncell/10x_v3/human/raw/10X145-6/HHT7VDSXX/10X145-6_S13_L003.fastq.tar
10X145-6	10X145_6_S13_L004.fastq.tar	https://data.nemoarchive.org/biccn/grant/u01_lein/linnarsson/transcriptome/sncell/10x_v3/human/raw/10X145-6/HHT7VDSXX/10X145-6_S13_L004.fastq.tar
10X145-6	10X145_6_S19_L003.fastq.tar	https://data.nemoarchive.org/biccn/grant/u01_lein/linnarsson/transcriptome/sncell/10x_v3/human/raw/10X145-6/HJFKGDSXX/10X145-6_S19_L003.fastq.tar
10X145-6	10X145_6_S19_L004.fastq.tar	https://data.nemoarchive.org/biccn/grant/u01_lein/linnarsson/transcriptome/sncell/10x_v3/human/raw/10X145-6/HJFKGDSXX/10X145-6_S19_L004.fastq.tar
10X145-6	10X145_6_S10_L001.fastq.tar	https://data.nemoarchive.org/biccn/grant/u01_lein/linnarsson/transcriptome/sncell/10x_v3/human/raw/10X145-6/HL377BGX9/10X145-6_S10_L001.fastq.tar
10X145-6	10X145_6_S10_L002.fastq.tar	https://data.nemoarchive.org/biccn/grant/u01_lein/linnarsson/transcriptome/sncell/10x_v3/human/raw/10X145-6/HL377BGX9/10X145-6_S10_L002.fastq.tar
10X145-6	10X145_6_S10_L003.fastq.tar	https://data.nemoarchive.org/biccn/grant/u01_lein/linnarsson/transcriptome/sncell/10x_v3/human/raw/10X145-6/HL377BGX9/10X145-6_S10_L003.fastq.tar
10X145-6	10X145_6_S10_L004.fastq.tar	https://data.nemoarchive.org/biccn/grant/u01_lein/linnarsson/transcriptome/sncell/10x_v3/human/raw/10X145-6/HL377BGX9/10X145-6_S10_L004.fastq.tar
10X146-2	10X146_2_S12_L001.fastq.tar	https://data.nemoarchive.org/biccn/grant/u01_lein/linnarsson/transcriptome/sncell/10x_v3/human/raw/10X146-2/HGMVHDMXX/10X146-2_S12_L001.fastq.tar
10X146-2	10X146_2_S12_L002.fastq.tar	https://data.nemoarchive.org/biccn/grant/u01_lein/linnarsson/transcriptome/sncell/10x_v3/human/raw/10X146-2/HGMVHDMXX/10X146-2_S12_L002.fastq.tar
10X146-2	10X146_2_S6_L001.fastq.tar	https://data.nemoarchive.org/biccn/grant/u01_lein/linnarsson/transcriptome/sncell/10x_v3/human/raw/10X146-2/HHVF2DSXX/10X146-2_S6_L001.fastq.tar
10X146-2	10X146_2_S6_L002.fastq.tar	https://data.nemoarchive.org/biccn/grant/u01_lein/linnarsson/transcriptome/sncell/10x_v3/human/raw/10X146-2/HHVF2DSXX/10X146-2_S6_L002.fastq.tar
10X146-2	10X146_2_S2_L001.fastq.tar	https://data.nemoarchive.org/biccn/grant/u01_lein/linnarsson/transcriptome/sncell/10x_v3/human/raw/10X146-2/HTCTLBGX9/10X146-2_S2_L001.fastq.tar
10X146-2	10X146_2_S2_L002.fastq.tar	https://data.nemoarchive.org/biccn/grant/u01_lein/linnarsson/transcriptome/sncell/10x_v3/human/raw/10X146-2/HTCTLBGX9/10X146-2_S2_L002.fastq.tar
10X146-2	10X146_2_S2_L003.fastq.tar	https://data.nemoarchive.org/biccn/grant/u01_lein/linnarsson/transcriptome/sncell/10x_v3/human/raw/10X146-2/HTCTLBGX9/10X146-2_S2_L003.fastq.tar
10X146-2	10X146_2_S2_L004.fastq.tar	https://data.nemoarchive.org/biccn/grant/u01_lein/linnarsson/transcriptome/sncell/10x_v3/human/raw/10X146-2/HTCTLBGX9/10X146-2_S2_L004.fastq.tar
10X146-3	10X146_3_S13_L001.fastq.tar	https://data.nemoarchive.org/biccn/grant/u01_lein/linnarsson/transcriptome/sncell/10x_v3/human/raw/10X146-3/HGMVHDMXX/10X146-3_S13_L001.fastq.tar
10X146-3	10X146_3_S13_L002.fastq.tar	https://data.nemoarchive.org/biccn/grant/u01_lein/linnarsson/transcriptome/sncell/10x_v3/human/raw/10X146-3/HGMVHDMXX/10X146-3_S13_L002.fastq.tar
10X146-3	10X146_3_S7_L001.fastq.tar	https://data.nemoarchive.org/biccn/grant/u01_lein/linnarsson/transcriptome/sncell/10x_v3/human/raw/10X146-3/HHVF2DSXX/10X146-3_S7_L001.fastq.tar
10X146-3	10X146_3_S7_L002.fastq.tar	https://data.nemoarchive.org/biccn/grant/u01_lein/linnarsson/transcriptome/sncell/10x_v3/human/raw/10X146-3/HHVF2DSXX/10X146-3_S7_L002.fastq.tar
10X146-3	10X146_3_S3_L001.fastq.tar	https://data.nemoarchive.org/biccn/grant/u01_lein/linnarsson/transcriptome/sncell/10x_v3/human/raw/10X146-3/HTCTLBGX9/10X146-3_S3_L001.fastq.tar
10X146-3	10X146_3_S3_L002.fastq.tar	https://data.nemoarchive.org/biccn/grant/u01_lein/linnarsson/transcriptome/sncell/10x_v3/human/raw/10X146-3/HTCTLBGX9/10X146-3_S3_L002.fastq.tar
10X146-3	10X146_3_S3_L003.fastq.tar	https://data.nemoarchive.org/biccn/grant/u01_lein/linnarsson/transcriptome/sncell/10x_v3/human/raw/10X146-3/HTCTLBGX9/10X146-3_S3_L003.fastq.tar
10X146-3	10X146_3_S3_L004.fastq.tar	https://data.nemoarchive.org/biccn/grant/u01_lein/linnarsson/transcriptome/sncell/10x_v3/human/raw/10X146-3/HTCTLBGX9/10X146-3_S3_L004.fastq.tar
10X174-3	10X174_3_S20_L003.fastq.tar	https://data.nemoarchive.org/biccn/grant/u01_lein/linnarsson/transcriptome/sncell/10x_v3/human/raw/10X174-3/HJHGHDSXX/10X174-3_S20_L003.fastq.tar
10X174-3	10X174_3_S20_L004.fastq.tar	https://data.nemoarchive.org/biccn/grant/u01_lein/linnarsson/transcriptome/sncell/10x_v3/human/raw/10X174-3/HJHGHDSXX/10X174-3_S20_L004.fastq.tar
10X174-3	10X174_3_S18_L001.fastq.tar	https://data.nemoarchive.org/biccn/grant/u01_lein/linnarsson/transcriptome/sncell/10x_v3/human/raw/10X174-3/HWK2CBGX9/10X174-3_S18_L001.fastq.tar
10X174-3	10X174_3_S18_L002.fastq.tar	https://data.nemoarchive.org/biccn/grant/u01_lein/linnarsson/transcriptome/sncell/10x_v3/human/raw/10X174-3/HWK2CBGX9/10X174-3_S18_L002.fastq.tar
10X174-3	10X174_3_S18_L003.fastq.tar	https://data.nemoarchive.org/biccn/grant/u01_lein/linnarsson/transcriptome/sncell/10x_v3/human/raw/10X174-3/HWK2CBGX9/10X174-3_S18_L003.fastq.tar
10X174-3	10X174_3_S18_L004.fastq.tar	https://data.nemoarchive.org/biccn/grant/u01_lein/linnarsson/transcriptome/sncell/10x_v3/human/raw/10X174-3/HWK2CBGX9/10X174-3_S18_L004.fastq.tar
10X174-4	10X174_4_S4_L001.fastq.tar	https://data.nemoarchive.org/biccn/grant/u01_lein/linnarsson/transcriptome/sncell/10x_v3/human/raw/10X174-4/HJKLYDSXX/10X174-4_S4_L001.fastq.tar
10X174-4	10X174_4_S4_L002.fastq.tar	https://data.nemoarchive.org/biccn/grant/u01_lein/linnarsson/transcriptome/sncell/10x_v3/human/raw/10X174-4/HJKLYDSXX/10X174-4_S4_L002.fastq.tar
10X174-4	10X174_4_S19_L001.fastq.tar	https://data.nemoarchive.org/biccn/grant/u01_lein/linnarsson/transcriptome/sncell/10x_v3/human/raw/10X174-4/HWK2CBGX9/10X174-4_S19_L001.fastq.tar
10X174-4	10X174_4_S19_L002.fastq.tar	https://data.nemoarchive.org/biccn/grant/u01_lein/linnarsson/transcriptome/sncell/10x_v3/human/raw/10X174-4/HWK2CBGX9/10X174-4_S19_L002.fastq.tar
10X174-4	10X174_4_S19_L003.fastq.tar	https://data.nemoarchive.org/biccn/grant/u01_lein/linnarsson/transcriptome/sncell/10x_v3/human/raw/10X174-4/HWK2CBGX9/10X174-4_S19_L003.fastq.tar
10X174-4	10X174_4_S19_L004.fastq.tar	https://data.nemoarchive.org/biccn/grant/u01_lein/linnarsson/transcriptome/sncell/10x_v3/human/raw/10X174-4/HWK2CBGX9/10X174-4_S19_L004.fastq.tar
10X175-5	10X175_5_S24_L003.fastq.tar	https://data.nemoarchive.org/biccn/grant/u01_lein/linnarsson/transcriptome/sncell/10x_v3/human/raw/10X175-5/HJHGHDSXX/10X175-5_S24_L003.fastq.tar
10X175-5	10X175_5_S24_L004.fastq.tar	https://data.nemoarchive.org/biccn/grant/u01_lein/linnarsson/transcriptome/sncell/10x_v3/human/raw/10X175-5/HJHGHDSXX/10X175-5_S24_L004.fastq.tar
10X175-5	10X175_5_S28_L001.fastq.tar	https://data.nemoarchive.org/biccn/grant/u01_lein/linnarsson/transcriptome/sncell/10x_v3/human/raw/10X175-5/HWK2CBGX9/10X175-5_S28_L001.fastq.tar
10X175-5	10X175_5_S28_L002.fastq.tar	https://data.nemoarchive.org/biccn/grant/u01_lein/linnarsson/transcriptome/sncell/10x_v3/human/raw/10X175-5/HWK2CBGX9/10X175-5_S28_L002.fastq.tar
10X175-5	10X175_5_S28_L003.fastq.tar	https://data.nemoarchive.org/biccn/grant/u01_lein/linnarsson/transcriptome/sncell/10x_v3/human/raw/10X175-5/HWK2CBGX9/10X175-5_S28_L003.fastq.tar
10X175-5	10X175_5_S28_L004.fastq.tar	https://data.nemoarchive.org/biccn/grant/u01_lein/linnarsson/transcriptome/sncell/10x_v3/human/raw/10X175-5/HWK2CBGX9/10X175-5_S28_L004.fastq.tar
10X175-6	10X175_6_S10_L001.fastq.tar	https://data.nemoarchive.org/biccn/grant/u01_lein/linnarsson/transcriptome/sncell/10x_v3/human/raw/10X175-6/HJHGHDSXX/10X175-6_S10_L001.fastq.tar
10X175-6	10X175_6_S10_L002.fastq.tar	https://data.nemoarchive.org/biccn/grant/u01_lein/linnarsson/transcriptome/sncell/10x_v3/human/raw/10X175-6/HJHGHDSXX/10X175-6_S10_L002.fastq.tar
10X175-6	10X175_6_S29_L001.fastq.tar	https://data.nemoarchive.org/biccn/grant/u01_lein/linnarsson/transcriptome/sncell/10x_v3/human/raw/10X175-6/HWK2CBGX9/10X175-6_S29_L001.fastq.tar
10X175-6	10X175_6_S29_L002.fastq.tar	https://data.nemoarchive.org/biccn/grant/u01_lein/linnarsson/transcriptome/sncell/10x_v3/human/raw/10X175-6/HWK2CBGX9/10X175-6_S29_L002.fastq.tar
10X175-6	10X175_6_S29_L003.fastq.tar	https://data.nemoarchive.org/biccn/grant/u01_lein/linnarsson/transcriptome/sncell/10x_v3/human/raw/10X175-6/HWK2CBGX9/10X175-6_S29_L003.fastq.tar
10X175-6	10X175_6_S29_L004.fastq.tar	https://data.nemoarchive.org/biccn/grant/u01_lein/linnarsson/transcriptome/sncell/10x_v3/human/raw/10X175-6/HWK2CBGX9/10X175-6_S29_L004.fastq.tar
10X191-4	10X191_4_S12_L001.fastq.tar	https://data.nemoarchive.org/biccn/grant/u01_lein/linnarsson/transcriptome/sncell/10x_v3/human/raw/10X191-4/H72T2BGXB/10X191-4_S12_L001.fastq.tar
10X191-4	10X191_4_S12_L002.fastq.tar	https://data.nemoarchive.org/biccn/grant/u01_lein/linnarsson/transcriptome/sncell/10x_v3/human/raw/10X191-4/H72T2BGXB/10X191-4_S12_L002.fastq.tar
10X191-4	10X191_4_S12_L003.fastq.tar	https://data.nemoarchive.org/biccn/grant/u01_lein/linnarsson/transcriptome/sncell/10x_v3/human/raw/10X191-4/H72T2BGXB/10X191-4_S12_L003.fastq.tar
10X191-4	10X191_4_S12_L004.fastq.tar	https://data.nemoarchive.org/biccn/grant/u01_lein/linnarsson/transcriptome/sncell/10x_v3/human/raw/10X191-4/H72T2BGXB/10X191-4_S12_L004.fastq.tar
10X191-4	10X191_4_S6_L001.fastq.tar	https://data.nemoarchive.org/biccn/grant/u01_lein/linnarsson/transcriptome/sncell/10x_v3/human/raw/10X191-4/HKWT2DSXX/10X191-4_S6_L001.fastq.tar
10X191-4	10X191_4_S6_L002.fastq.tar	https://data.nemoarchive.org/biccn/grant/u01_lein/linnarsson/transcriptome/sncell/10x_v3/human/raw/10X191-4/HKWT2DSXX/10X191-4_S6_L002.fastq.tar
10X192-3	10X192_3_S19_L001.fastq.tar	https://data.nemoarchive.org/biccn/grant/u01_lein/linnarsson/transcriptome/sncell/10x_v3/human/raw/10X192-3/H72T2BGXB/10X192-3_S19_L001.fastq.tar
10X192-3	10X192_3_S19_L002.fastq.tar	https://data.nemoarchive.org/biccn/grant/u01_lein/linnarsson/transcriptome/sncell/10x_v3/human/raw/10X192-3/H72T2BGXB/10X192-3_S19_L002.fastq.tar
10X192-3	10X192_3_S19_L003.fastq.tar	https://data.nemoarchive.org/biccn/grant/u01_lein/linnarsson/transcriptome/sncell/10x_v3/human/raw/10X192-3/H72T2BGXB/10X192-3_S19_L003.fastq.tar
10X192-3	10X192_3_S19_L004.fastq.tar	https://data.nemoarchive.org/biccn/grant/u01_lein/linnarsson/transcriptome/sncell/10x_v3/human/raw/10X192-3/H72T2BGXB/10X192-3_S19_L004.fastq.tar
10X192-3	10X192_3_S13_L001.fastq.tar	https://data.nemoarchive.org/biccn/grant/u01_lein/linnarsson/transcriptome/sncell/10x_v3/human/raw/10X192-3/HKWT2DSXX/10X192-3_S13_L001.fastq.tar
10X192-3	10X192_3_S13_L002.fastq.tar	https://data.nemoarchive.org/biccn/grant/u01_lein/linnarsson/transcriptome/sncell/10x_v3/human/raw/10X192-3/HKWT2DSXX/10X192-3_S13_L002.fastq.tar
10X192-3	10X192_3_S56_L004.fastq.tar	https://data.nemoarchive.org/biccn/grant/u01_lein/linnarsson/transcriptome/sncell/10x_v3/human/raw/10X192-3/HM35KDSXX/10X192-3_S56_L004.fastq.tar
10X192-4	10X192_4_S20_L001.fastq.tar	https://data.nemoarchive.org/biccn/grant/u01_lein/linnarsson/transcriptome/sncell/10x_v3/human/raw/10X192-4/H72T2BGXB/10X192-4_S20_L001.fastq.tar
10X192-4	10X192_4_S20_L002.fastq.tar	https://data.nemoarchive.org/biccn/grant/u01_lein/linnarsson/transcriptome/sncell/10x_v3/human/raw/10X192-4/H72T2BGXB/10X192-4_S20_L002.fastq.tar
10X192-4	10X192_4_S20_L003.fastq.tar	https://data.nemoarchive.org/biccn/grant/u01_lein/linnarsson/transcriptome/sncell/10x_v3/human/raw/10X192-4/H72T2BGXB/10X192-4_S20_L003.fastq.tar
10X192-4	10X192_4_S20_L004.fastq.tar	https://data.nemoarchive.org/biccn/grant/u01_lein/linnarsson/transcriptome/sncell/10x_v3/human/raw/10X192-4/H72T2BGXB/10X192-4_S20_L004.fastq.tar
10X192-4	10X192_4_S14_L001.fastq.tar	https://data.nemoarchive.org/biccn/grant/u01_lein/linnarsson/transcriptome/sncell/10x_v3/human/raw/10X192-4/HKWT2DSXX/10X192-4_S14_L001.fastq.tar
10X192-4	10X192_4_S14_L002.fastq.tar	https://data.nemoarchive.org/biccn/grant/u01_lein/linnarsson/transcriptome/sncell/10x_v3/human/raw/10X192-4/HKWT2DSXX/10X192-4_S14_L002.fastq.tar
10X192-4	10X192_4_S31_L003.fastq.tar	https://data.nemoarchive.org/biccn/grant/u01_lein/linnarsson/transcriptome/sncell/10x_v3/human/raw/10X192-4/HM35KDSXX/10X192-4_S31_L003.fastq.tar
10X193-3	10X193_3_S27_L001.fastq.tar	https://data.nemoarchive.org/biccn/grant/u01_lein/linnarsson/transcriptome/sncell/10x_v3/human/raw/10X193-3/H72T2BGXB/10X193-3_S27_L001.fastq.tar
10X193-3	10X193_3_S27_L002.fastq.tar	https://data.nemoarchive.org/biccn/grant/u01_lein/linnarsson/transcriptome/sncell/10x_v3/human/raw/10X193-3/H72T2BGXB/10X193-3_S27_L002.fastq.tar
10X193-3	10X193_3_S27_L003.fastq.tar	https://data.nemoarchive.org/biccn/grant/u01_lein/linnarsson/transcriptome/sncell/10x_v3/human/raw/10X193-3/H72T2BGXB/10X193-3_S27_L003.fastq.tar
10X193-3	10X193_3_S27_L004.fastq.tar	https://data.nemoarchive.org/biccn/grant/u01_lein/linnarsson/transcriptome/sncell/10x_v3/human/raw/10X193-3/H72T2BGXB/10X193-3_S27_L004.fastq.tar
10X193-3	10X193_3_S21_L003.fastq.tar	https://data.nemoarchive.org/biccn/grant/u01_lein/linnarsson/transcriptome/sncell/10x_v3/human/raw/10X193-3/HKWT2DSXX/10X193-3_S21_L003.fastq.tar
10X193-3	10X193_3_S21_L004.fastq.tar	https://data.nemoarchive.org/biccn/grant/u01_lein/linnarsson/transcriptome/sncell/10x_v3/human/raw/10X193-3/HKWT2DSXX/10X193-3_S21_L004.fastq.tar
10X194-7	10X194_7_S39_L001.fastq.tar	https://data.nemoarchive.org/biccn/grant/u01_lein/linnarsson/transcriptome/sncell/10x_v3/human/raw/10X194-7/H72T2BGXB/10X194-7_S39_L001.fastq.tar
10X194-7	10X194_7_S39_L002.fastq.tar	https://data.nemoarchive.org/biccn/grant/u01_lein/linnarsson/transcriptome/sncell/10x_v3/human/raw/10X194-7/H72T2BGXB/10X194-7_S39_L002.fastq.tar
10X194-7	10X194_7_S39_L003.fastq.tar	https://data.nemoarchive.org/biccn/grant/u01_lein/linnarsson/transcriptome/sncell/10x_v3/human/raw/10X194-7/H72T2BGXB/10X194-7_S39_L003.fastq.tar
10X194-7	10X194_7_S39_L004.fastq.tar	https://data.nemoarchive.org/biccn/grant/u01_lein/linnarsson/transcriptome/sncell/10x_v3/human/raw/10X194-7/H72T2BGXB/10X194-7_S39_L004.fastq.tar
10X194-7	10X194_7_S32_L003.fastq.tar	https://data.nemoarchive.org/biccn/grant/u01_lein/linnarsson/transcriptome/sncell/10x_v3/human/raw/10X194-7/HKWT2DSXX/10X194-7_S32_L003.fastq.tar
10X194-7	10X194_7_S32_L004.fastq.tar	https://data.nemoarchive.org/biccn/grant/u01_lein/linnarsson/transcriptome/sncell/10x_v3/human/raw/10X194-7/HKWT2DSXX/10X194-7_S32_L004.fastq.tar
10X194-7	10X194_7_S19_L002.fastq.tar	https://data.nemoarchive.org/biccn/grant/u01_lein/linnarsson/transcriptome/sncell/10x_v3/human/raw/10X194-7/HM35KDSXX/10X194-7_S19_L002.fastq.tar
10X205-7	10X205_7_S10_L001.fastq.tar	https://data.nemoarchive.org/biccn/grant/u01_lein/linnarsson/transcriptome/sncell/10x_v3/human/raw/10X205-7/HL2Y5DSXX/10X205-7_S10_L001.fastq.tar
10X205-7	10X205_7_S10_L002.fastq.tar	https://data.nemoarchive.org/biccn/grant/u01_lein/linnarsson/transcriptome/sncell/10x_v3/human/raw/10X205-7/HL2Y5DSXX/10X205-7_S10_L002.fastq.tar
10X205-7	10X205_7_S9_L001.fastq.tar	https://data.nemoarchive.org/biccn/grant/u01_lein/linnarsson/transcriptome/sncell/10x_v3/human/raw/10X205-7/HMHG2AFXY/10X205-7_S9_L001.fastq.tar
10X205-7	10X205_7_S9_L002.fastq.tar	https://data.nemoarchive.org/biccn/grant/u01_lein/linnarsson/transcriptome/sncell/10x_v3/human/raw/10X205-7/HMHG2AFXY/10X205-7_S9_L002.fastq.tar
10X205-7	10X205_7_S9_L003.fastq.tar	https://data.nemoarchive.org/biccn/grant/u01_lein/linnarsson/transcriptome/sncell/10x_v3/human/raw/10X205-7/HMHG2AFXY/10X205-7_S9_L003.fastq.tar
10X205-7	10X205_7_S9_L004.fastq.tar	https://data.nemoarchive.org/biccn/grant/u01_lein/linnarsson/transcriptome/sncell/10x_v3/human/raw/10X205-7/HMHG2AFXY/10X205-7_S9_L004.fastq.tar
10X215-6-1	10X215_6_S6_L001.fastq.tar	https://data.nemoarchive.org/biccn/grant/u01_lein/linnarsson/transcriptome/sncell/10x_v3/human/raw/10X215-6/HCT2VBGXC/10X215-6_S6_L001.fastq.tar
10X215-6-1	10X215_6_S6_L002.fastq.tar	https://data.nemoarchive.org/biccn/grant/u01_lein/linnarsson/transcriptome/sncell/10x_v3/human/raw/10X215-6/HCT2VBGXC/10X215-6_S6_L002.fastq.tar
10X215-6	10X215_6_S6_L003.fastq.tar	https://data.nemoarchive.org/biccn/grant/u01_lein/linnarsson/transcriptome/sncell/10x_v3/human/raw/10X215-6/HCT2VBGXC/10X215-6_S6_L003.fastq.tar
10X215-6	10X215_6_S6_L004.fastq.tar	https://data.nemoarchive.org/biccn/grant/u01_lein/linnarsson/transcriptome/sncell/10x_v3/human/raw/10X215-6/HCT2VBGXC/10X215-6_S6_L004.fastq.tar
10X215-6	10X215_6_S6_L001.fastq.tar	https://data.nemoarchive.org/biccn/grant/u01_lein/linnarsson/transcriptome/sncell/10x_v3/human/raw/10X215-6/HMFNNDSXX/10X215-6_S6_L001.fastq.tar
10X215-6	10X215_6_S6_L002.fastq.tar	https://data.nemoarchive.org/biccn/grant/u01_lein/linnarsson/transcriptome/sncell/10x_v3/human/raw/10X215-6/HMFNNDSXX/10X215-6_S6_L002.fastq.tar
10X216-7	10X216_7_S15_L001.fastq.tar	https://data.nemoarchive.org/biccn/grant/u01_lein/linnarsson/transcriptome/sncell/10x_v3/human/raw/10X216-7/HCT2VBGXC/10X216-7_S15_L001.fastq.tar
10X216-7	10X216_7_S15_L002.fastq.tar	https://data.nemoarchive.org/biccn/grant/u01_lein/linnarsson/transcriptome/sncell/10x_v3/human/raw/10X216-7/HCT2VBGXC/10X216-7_S15_L002.fastq.tar
10X216-7-1	10X216_7_S15_L003.fastq.tar	https://data.nemoarchive.org/biccn/grant/u01_lein/linnarsson/transcriptome/sncell/10x_v3/human/raw/10X216-7/HCT2VBGXC/10X216-7_S15_L003.fastq.tar
10X216-7-1	10X216_7_S15_L004.fastq.tar	https://data.nemoarchive.org/biccn/grant/u01_lein/linnarsson/transcriptome/sncell/10x_v3/human/raw/10X216-7/HCT2VBGXC/10X216-7_S15_L004.fastq.tar
10X216-7	10X216_7_S15_L003.fastq.tar	https://data.nemoarchive.org/biccn/grant/u01_lein/linnarsson/transcriptome/sncell/10x_v3/human/raw/10X216-7/HMFNNDSXX/10X216-7_S15_L003.fastq.tar
10X216-7	10X216_7_S15_L004.fastq.tar	https://data.nemoarchive.org/biccn/grant/u01_lein/linnarsson/transcriptome/sncell/10x_v3/human/raw/10X216-7/HMFNNDSXX/10X216-7_S15_L004.fastq.tar
10X216-8	10X216_8_S16_L001.fastq.tar	https://data.nemoarchive.org/biccn/grant/u01_lein/linnarsson/transcriptome/sncell/10x_v3/human/raw/10X216-8/HCT2VBGXC/10X216-8_S16_L001.fastq.tar
10X216-8	10X216_8_S16_L002.fastq.tar	https://data.nemoarchive.org/biccn/grant/u01_lein/linnarsson/transcriptome/sncell/10x_v3/human/raw/10X216-8/HCT2VBGXC/10X216-8_S16_L002.fastq.tar
10X216-8	10X216_8_S16_L003.fastq.tar	https://data.nemoarchive.org/biccn/grant/u01_lein/linnarsson/transcriptome/sncell/10x_v3/human/raw/10X216-8/HCT2VBGXC/10X216-8_S16_L003.fastq.tar
10X216-8	10X216_8_S16_L004.fastq.tar	https://data.nemoarchive.org/biccn/grant/u01_lein/linnarsson/transcriptome/sncell/10x_v3/human/raw/10X216-8/HCT2VBGXC/10X216-8_S16_L004.fastq.tar
10X216-8	10X216_8_S12_L001.fastq.tar	https://data.nemoarchive.org/biccn/grant/u01_lein/linnarsson/transcriptome/sncell/10x_v3/human/raw/10X216-8/HMFNNDSXX/10X216-8_S12_L001.fastq.tar
10X216-8	10X216_8_S12_L002.fastq.tar	https://data.nemoarchive.org/biccn/grant/u01_lein/linnarsson/transcriptome/sncell/10x_v3/human/raw/10X216-8/HMFNNDSXX/10X216-8_S12_L002.fastq.tar
10X221-7	10X221_7_S01_L003_001.fastq.tar	https://data.nemoarchive.org/biccn/grant/u01_lein/linnarsson/transcriptome/sncell/10x_v3/human/raw/10X221-7_S01_L003-001.fastq.tar
10X221-8	10X221_8_S01_L003_001.fastq.tar	https://data.nemoarchive.org/biccn/grant/u01_lein/linnarsson/transcriptome/sncell/10x_v3/human/raw/10X221-8_S01_L003-001.fastq.tar
10X227-6	10X227_6_S13_L001.fastq.tar	https://data.nemoarchive.org/biccn/grant/u01_lein/linnarsson/transcriptome/sncell/10x_v3/human/raw/10X227-6/HTLJFAFXY/10X227-6_S13_L001.fastq.tar
10X227-6	10X227_6_S13_L002.fastq.tar	https://data.nemoarchive.org/biccn/grant/u01_lein/linnarsson/transcriptome/sncell/10x_v3/human/raw/10X227-6/HTLJFAFXY/10X227-6_S13_L002.fastq.tar
10X227-6	10X227_6_S13_L003.fastq.tar	https://data.nemoarchive.org/biccn/grant/u01_lein/linnarsson/transcriptome/sncell/10x_v3/human/raw/10X227-6/HTLJFAFXY/10X227-6_S13_L003.fastq.tar
10X227-6	10X227_6_S13_L004.fastq.tar	https://data.nemoarchive.org/biccn/grant/u01_lein/linnarsson/transcriptome/sncell/10x_v3/human/raw/10X227-6/HTLJFAFXY/10X227-6_S13_L004.fastq.tar
10X227-6	10X227_6_S19_L001.fastq.tar	https://data.nemoarchive.org/biccn/grant/u01_lein/linnarsson/transcriptome/sncell/10x_v3/human/raw/10X227-6/HTTY2DSXX/10X227-6_S19_L001.fastq.tar
10X227-6	10X227_6_S19_L002.fastq.tar	https://data.nemoarchive.org/biccn/grant/u01_lein/linnarsson/transcriptome/sncell/10x_v3/human/raw/10X227-6/HTTY2DSXX/10X227-6_S19_L002.fastq.tar
10X227-6	10X227_6_S19_L003.fastq.tar	https://data.nemoarchive.org/biccn/grant/u01_lein/linnarsson/transcriptome/sncell/10x_v3/human/raw/10X227-6/HTTY2DSXX/10X227-6_S19_L003.fastq.tar
10X227-6	10X227_6_S19_L004.fastq.tar	https://data.nemoarchive.org/biccn/grant/u01_lein/linnarsson/transcriptome/sncell/10x_v3/human/raw/10X227-6/HTTY2DSXX/10X227-6_S19_L004.fastq.tar
10X230-1	10X230_1_S01_L003_001.fastq.tar	https://data.nemoarchive.org/biccn/grant/u01_lein/linnarsson/transcriptome/sncell/10x_v3/human/raw/10X230-1_S01_L003-001.fastq.tar
10X240-1	10X240_1_S16_L001.fastq.tar	https://data.nemoarchive.org/biccn/grant/u01_lein/linnarsson/transcriptome/sncell/10x_v3/human/raw/10X240-1/HWVTYAFXY/10X240-1_S16_L001.fastq.tar
10X240-1	10X240_1_S16_L002.fastq.tar	https://data.nemoarchive.org/biccn/grant/u01_lein/linnarsson/transcriptome/sncell/10x_v3/human/raw/10X240-1/HWVTYAFXY/10X240-1_S16_L002.fastq.tar
10X240-1	10X240_1_S16_L003.fastq.tar	https://data.nemoarchive.org/biccn/grant/u01_lein/linnarsson/transcriptome/sncell/10x_v3/human/raw/10X240-1/HWVTYAFXY/10X240-1_S16_L003.fastq.tar
10X240-1	10X240_1_S16_L004.fastq.tar	https://data.nemoarchive.org/biccn/grant/u01_lein/linnarsson/transcriptome/sncell/10x_v3/human/raw/10X240-1/HWVTYAFXY/10X240-1_S16_L004.fastq.tar
10X240-1	10X240_1_S23_L001.fastq.tar	https://data.nemoarchive.org/biccn/grant/u01_lein/linnarsson/transcriptome/sncell/10x_v3/human/raw/10X240-1/HYLNGDSXX/10X240-1_S23_L001.fastq.tar
10X240-1	10X240_1_S23_L002.fastq.tar	https://data.nemoarchive.org/biccn/grant/u01_lein/linnarsson/transcriptome/sncell/10x_v3/human/raw/10X240-1/HYLNGDSXX/10X240-1_S23_L002.fastq.tar
10X240-1	10X240_1_S23_L003.fastq.tar	https://data.nemoarchive.org/biccn/grant/u01_lein/linnarsson/transcriptome/sncell/10x_v3/human/raw/10X240-1/HYLNGDSXX/10X240-1_S23_L003.fastq.tar
10X240-1	10X240_1_S23_L004.fastq.tar	https://data.nemoarchive.org/biccn/grant/u01_lein/linnarsson/transcriptome/sncell/10x_v3/human/raw/10X240-1/HYLNGDSXX/10X240-1_S23_L004.fastq.tar
10X240-2	10X240_2_S17_L001.fastq.tar	https://data.nemoarchive.org/biccn/grant/u01_lein/linnarsson/transcriptome/sncell/10x_v3/human/raw/10X240-2/HWVTYAFXY/10X240-2_S17_L001.fastq.tar
10X240-2	10X240_2_S17_L002.fastq.tar	https://data.nemoarchive.org/biccn/grant/u01_lein/linnarsson/transcriptome/sncell/10x_v3/human/raw/10X240-2/HWVTYAFXY/10X240-2_S17_L002.fastq.tar
10X240-2	10X240_2_S17_L003.fastq.tar	https://data.nemoarchive.org/biccn/grant/u01_lein/linnarsson/transcriptome/sncell/10x_v3/human/raw/10X240-2/HWVTYAFXY/10X240-2_S17_L003.fastq.tar
10X240-2	10X240_2_S17_L004.fastq.tar	https://data.nemoarchive.org/biccn/grant/u01_lein/linnarsson/transcriptome/sncell/10x_v3/human/raw/10X240-2/HWVTYAFXY/10X240-2_S17_L004.fastq.tar
10X240-2	10X240_2_S24_L001.fastq.tar	https://data.nemoarchive.org/biccn/grant/u01_lein/linnarsson/transcriptome/sncell/10x_v3/human/raw/10X240-2/HYLNGDSXX/10X240-2_S24_L001.fastq.tar
10X240-2	10X240_2_S24_L002.fastq.tar	https://data.nemoarchive.org/biccn/grant/u01_lein/linnarsson/transcriptome/sncell/10x_v3/human/raw/10X240-2/HYLNGDSXX/10X240-2_S24_L002.fastq.tar
10X240-2	10X240_2_S24_L003.fastq.tar	https://data.nemoarchive.org/biccn/grant/u01_lein/linnarsson/transcriptome/sncell/10x_v3/human/raw/10X240-2/HYLNGDSXX/10X240-2_S24_L003.fastq.tar
10X240-2	10X240_2_S24_L004.fastq.tar	https://data.nemoarchive.org/biccn/grant/u01_lein/linnarsson/transcriptome/sncell/10x_v3/human/raw/10X240-2/HYLNGDSXX/10X240-2_S24_L004.fastq.tar
10X240-3	10X240_3_S18_L001.fastq.tar	https://data.nemoarchive.org/biccn/grant/u01_lein/linnarsson/transcriptome/sncell/10x_v3/human/raw/10X240-3/HWVTYAFXY/10X240-3_S18_L001.fastq.tar
10X240-3	10X240_3_S18_L002.fastq.tar	https://data.nemoarchive.org/biccn/grant/u01_lein/linnarsson/transcriptome/sncell/10x_v3/human/raw/10X240-3/HWVTYAFXY/10X240-3_S18_L002.fastq.tar
10X240-3	10X240_3_S18_L003.fastq.tar	https://data.nemoarchive.org/biccn/grant/u01_lein/linnarsson/transcriptome/sncell/10x_v3/human/raw/10X240-3/HWVTYAFXY/10X240-3_S18_L003.fastq.tar
10X240-3	10X240_3_S18_L004.fastq.tar	https://data.nemoarchive.org/biccn/grant/u01_lein/linnarsson/transcriptome/sncell/10x_v3/human/raw/10X240-3/HWVTYAFXY/10X240-3_S18_L004.fastq.tar
10X240-3	10X240_3_S25_L001.fastq.tar	https://data.nemoarchive.org/biccn/grant/u01_lein/linnarsson/transcriptome/sncell/10x_v3/human/raw/10X240-3/HYLNGDSXX/10X240-3_S25_L001.fastq.tar
10X240-3	10X240_3_S25_L002.fastq.tar	https://data.nemoarchive.org/biccn/grant/u01_lein/linnarsson/transcriptome/sncell/10x_v3/human/raw/10X240-3/HYLNGDSXX/10X240-3_S25_L002.fastq.tar
10X240-3	10X240_3_S25_L003.fastq.tar	https://data.nemoarchive.org/biccn/grant/u01_lein/linnarsson/transcriptome/sncell/10x_v3/human/raw/10X240-3/HYLNGDSXX/10X240-3_S25_L003.fastq.tar
10X240-3	10X240_3_S25_L004.fastq.tar	https://data.nemoarchive.org/biccn/grant/u01_lein/linnarsson/transcriptome/sncell/10x_v3/human/raw/10X240-3/HYLNGDSXX/10X240-3_S25_L004.fastq.tar
10X240-4	10X240_4_S19_L001.fastq.tar	https://data.nemoarchive.org/biccn/grant/u01_lein/linnarsson/transcriptome/sncell/10x_v3/human/raw/10X240-4/HWVTYAFXY/10X240-4_S19_L001.fastq.tar
10X240-4	10X240_4_S19_L002.fastq.tar	https://data.nemoarchive.org/biccn/grant/u01_lein/linnarsson/transcriptome/sncell/10x_v3/human/raw/10X240-4/HWVTYAFXY/10X240-4_S19_L002.fastq.tar
10X240-4	10X240_4_S19_L003.fastq.tar	https://data.nemoarchive.org/biccn/grant/u01_lein/linnarsson/transcriptome/sncell/10x_v3/human/raw/10X240-4/HWVTYAFXY/10X240-4_S19_L003.fastq.tar
10X240-4	10X240_4_S19_L004.fastq.tar	https://data.nemoarchive.org/biccn/grant/u01_lein/linnarsson/transcriptome/sncell/10x_v3/human/raw/10X240-4/HWVTYAFXY/10X240-4_S19_L004.fastq.tar
10X240-4	10X240_4_S1_L001.fastq.tar	https://data.nemoarchive.org/biccn/grant/u01_lein/linnarsson/transcriptome/sncell/10x_v3/human/raw/10X240-4/HYLHJDSXX/10X240-4_S1_L001.fastq.tar
10X240-4	10X240_4_S1_L002.fastq.tar	https://data.nemoarchive.org/biccn/grant/u01_lein/linnarsson/transcriptome/sncell/10x_v3/human/raw/10X240-4/HYLHJDSXX/10X240-4_S1_L002.fastq.tar
10X240-4	10X240_4_S1_L003.fastq.tar	https://data.nemoarchive.org/biccn/grant/u01_lein/linnarsson/transcriptome/sncell/10x_v3/human/raw/10X240-4/HYLHJDSXX/10X240-4_S1_L003.fastq.tar
10X240-4	10X240_4_S1_L004.fastq.tar	https://data.nemoarchive.org/biccn/grant/u01_lein/linnarsson/transcriptome/sncell/10x_v3/human/raw/10X240-4/HYLHJDSXX/10X240-4_S1_L004.fastq.tar
10X240-5	10X240_5_S20_L001.fastq.tar	https://data.nemoarchive.org/biccn/grant/u01_lein/linnarsson/transcriptome/sncell/10x_v3/human/raw/10X240-5/HWVTYAFXY/10X240-5_S20_L001.fastq.tar
10X240-5	10X240_5_S20_L002.fastq.tar	https://data.nemoarchive.org/biccn/grant/u01_lein/linnarsson/transcriptome/sncell/10x_v3/human/raw/10X240-5/HWVTYAFXY/10X240-5_S20_L002.fastq.tar
10X240-5	10X240_5_S20_L003.fastq.tar	https://data.nemoarchive.org/biccn/grant/u01_lein/linnarsson/transcriptome/sncell/10x_v3/human/raw/10X240-5/HWVTYAFXY/10X240-5_S20_L003.fastq.tar
10X240-5	10X240_5_S20_L004.fastq.tar	https://data.nemoarchive.org/biccn/grant/u01_lein/linnarsson/transcriptome/sncell/10x_v3/human/raw/10X240-5/HWVTYAFXY/10X240-5_S20_L004.fastq.tar
10X240-5	10X240_5_S2_L001.fastq.tar	https://data.nemoarchive.org/biccn/grant/u01_lein/linnarsson/transcriptome/sncell/10x_v3/human/raw/10X240-5/HYLHJDSXX/10X240-5_S2_L001.fastq.tar
10X240-5	10X240_5_S2_L002.fastq.tar	https://data.nemoarchive.org/biccn/grant/u01_lein/linnarsson/transcriptome/sncell/10x_v3/human/raw/10X240-5/HYLHJDSXX/10X240-5_S2_L002.fastq.tar
10X240-5	10X240_5_S2_L003.fastq.tar	https://data.nemoarchive.org/biccn/grant/u01_lein/linnarsson/transcriptome/sncell/10x_v3/human/raw/10X240-5/HYLHJDSXX/10X240-5_S2_L003.fastq.tar
10X240-5	10X240_5_S2_L004.fastq.tar	https://data.nemoarchive.org/biccn/grant/u01_lein/linnarsson/transcriptome/sncell/10x_v3/human/raw/10X240-5/HYLHJDSXX/10X240-5_S2_L004.fastq.tar
10X240-6	10X240_6_S21_L001.fastq.tar	https://data.nemoarchive.org/biccn/grant/u01_lein/linnarsson/transcriptome/sncell/10x_v3/human/raw/10X240-6/HWVTYAFXY/10X240-6_S21_L001.fastq.tar
10X240-6	10X240_6_S21_L002.fastq.tar	https://data.nemoarchive.org/biccn/grant/u01_lein/linnarsson/transcriptome/sncell/10x_v3/human/raw/10X240-6/HWVTYAFXY/10X240-6_S21_L002.fastq.tar
10X240-6	10X240_6_S21_L003.fastq.tar	https://data.nemoarchive.org/biccn/grant/u01_lein/linnarsson/transcriptome/sncell/10x_v3/human/raw/10X240-6/HWVTYAFXY/10X240-6_S21_L003.fastq.tar
10X240-6	10X240_6_S21_L004.fastq.tar	https://data.nemoarchive.org/biccn/grant/u01_lein/linnarsson/transcriptome/sncell/10x_v3/human/raw/10X240-6/HWVTYAFXY/10X240-6_S21_L004.fastq.tar
10X240-6	10X240_6_S3_L001.fastq.tar	https://data.nemoarchive.org/biccn/grant/u01_lein/linnarsson/transcriptome/sncell/10x_v3/human/raw/10X240-6/HYLHJDSXX/10X240-6_S3_L001.fastq.tar
10X240-6	10X240_6_S3_L002.fastq.tar	https://data.nemoarchive.org/biccn/grant/u01_lein/linnarsson/transcriptome/sncell/10x_v3/human/raw/10X240-6/HYLHJDSXX/10X240-6_S3_L002.fastq.tar
10X240-6	10X240_6_S3_L003.fastq.tar	https://data.nemoarchive.org/biccn/grant/u01_lein/linnarsson/transcriptome/sncell/10x_v3/human/raw/10X240-6/HYLHJDSXX/10X240-6_S3_L003.fastq.tar
10X240-6	10X240_6_S3_L004.fastq.tar	https://data.nemoarchive.org/biccn/grant/u01_lein/linnarsson/transcriptome/sncell/10x_v3/human/raw/10X240-6/HYLHJDSXX/10X240-6_S3_L004.fastq.tar
10X240-7	10X240_7_S22_L001.fastq.tar	https://data.nemoarchive.org/biccn/grant/u01_lein/linnarsson/transcriptome/sncell/10x_v3/human/raw/10X240-7/HWVTYAFXY/10X240-7_S22_L001.fastq.tar
10X240-7	10X240_7_S22_L002.fastq.tar	https://data.nemoarchive.org/biccn/grant/u01_lein/linnarsson/transcriptome/sncell/10x_v3/human/raw/10X240-7/HWVTYAFXY/10X240-7_S22_L002.fastq.tar
10X240-7	10X240_7_S22_L003.fastq.tar	https://data.nemoarchive.org/biccn/grant/u01_lein/linnarsson/transcriptome/sncell/10x_v3/human/raw/10X240-7/HWVTYAFXY/10X240-7_S22_L003.fastq.tar
10X240-7	10X240_7_S22_L004.fastq.tar	https://data.nemoarchive.org/biccn/grant/u01_lein/linnarsson/transcriptome/sncell/10x_v3/human/raw/10X240-7/HWVTYAFXY/10X240-7_S22_L004.fastq.tar
10X240-7	10X240_7_S4_L001.fastq.tar	https://data.nemoarchive.org/biccn/grant/u01_lein/linnarsson/transcriptome/sncell/10x_v3/human/raw/10X240-7/HYLHJDSXX/10X240-7_S4_L001.fastq.tar
10X240-7	10X240_7_S4_L002.fastq.tar	https://data.nemoarchive.org/biccn/grant/u01_lein/linnarsson/transcriptome/sncell/10x_v3/human/raw/10X240-7/HYLHJDSXX/10X240-7_S4_L002.fastq.tar
10X240-7	10X240_7_S4_L003.fastq.tar	https://data.nemoarchive.org/biccn/grant/u01_lein/linnarsson/transcriptome/sncell/10x_v3/human/raw/10X240-7/HYLHJDSXX/10X240-7_S4_L003.fastq.tar
10X240-7	10X240_7_S4_L004.fastq.tar	https://data.nemoarchive.org/biccn/grant/u01_lein/linnarsson/transcriptome/sncell/10x_v3/human/raw/10X240-7/HYLHJDSXX/10X240-7_S4_L004.fastq.tar
10X240-8	10X240_8_S23_L001.fastq.tar	https://data.nemoarchive.org/biccn/grant/u01_lein/linnarsson/transcriptome/sncell/10x_v3/human/raw/10X240-8/HWVTYAFXY/10X240-8_S23_L001.fastq.tar
10X240-8	10X240_8_S23_L002.fastq.tar	https://data.nemoarchive.org/biccn/grant/u01_lein/linnarsson/transcriptome/sncell/10x_v3/human/raw/10X240-8/HWVTYAFXY/10X240-8_S23_L002.fastq.tar
10X240-8	10X240_8_S23_L003.fastq.tar	https://data.nemoarchive.org/biccn/grant/u01_lein/linnarsson/transcriptome/sncell/10x_v3/human/raw/10X240-8/HWVTYAFXY/10X240-8_S23_L003.fastq.tar
10X240-8	10X240_8_S23_L004.fastq.tar	https://data.nemoarchive.org/biccn/grant/u01_lein/linnarsson/transcriptome/sncell/10x_v3/human/raw/10X240-8/HWVTYAFXY/10X240-8_S23_L004.fastq.tar
10X240-8	10X240_8_S5_L001.fastq.tar	https://data.nemoarchive.org/biccn/grant/u01_lein/linnarsson/transcriptome/sncell/10x_v3/human/raw/10X240-8/HYLHJDSXX/10X240-8_S5_L001.fastq.tar
10X240-8	10X240_8_S5_L002.fastq.tar	https://data.nemoarchive.org/biccn/grant/u01_lein/linnarsson/transcriptome/sncell/10x_v3/human/raw/10X240-8/HYLHJDSXX/10X240-8_S5_L002.fastq.tar
10X240-8	10X240_8_S5_L003.fastq.tar	https://data.nemoarchive.org/biccn/grant/u01_lein/linnarsson/transcriptome/sncell/10x_v3/human/raw/10X240-8/HYLHJDSXX/10X240-8_S5_L003.fastq.tar
10X240-8	10X240_8_S5_L004.fastq.tar	https://data.nemoarchive.org/biccn/grant/u01_lein/linnarsson/transcriptome/sncell/10x_v3/human/raw/10X240-8/HYLHJDSXX/10X240-8_S5_L004.fastq.tar
10X241-1	10X241_1_S24_L001.fastq.tar	https://data.nemoarchive.org/biccn/grant/u01_lein/linnarsson/transcriptome/sncell/10x_v3/human/raw/10X241-1/HWVTYAFXY/10X241-1_S24_L001.fastq.tar
10X241-1	10X241_1_S24_L002.fastq.tar	https://data.nemoarchive.org/biccn/grant/u01_lein/linnarsson/transcriptome/sncell/10x_v3/human/raw/10X241-1/HWVTYAFXY/10X241-1_S24_L002.fastq.tar
10X241-1	10X241_1_S24_L003.fastq.tar	https://data.nemoarchive.org/biccn/grant/u01_lein/linnarsson/transcriptome/sncell/10x_v3/human/raw/10X241-1/HWVTYAFXY/10X241-1_S24_L003.fastq.tar
10X241-1	10X241_1_S24_L004.fastq.tar	https://data.nemoarchive.org/biccn/grant/u01_lein/linnarsson/transcriptome/sncell/10x_v3/human/raw/10X241-1/HWVTYAFXY/10X241-1_S24_L004.fastq.tar
10X241-1	10X241_1_S6_L001.fastq.tar	https://data.nemoarchive.org/biccn/grant/u01_lein/linnarsson/transcriptome/sncell/10x_v3/human/raw/10X241-1/HYLHJDSXX/10X241-1_S6_L001.fastq.tar
10X241-1	10X241_1_S6_L002.fastq.tar	https://data.nemoarchive.org/biccn/grant/u01_lein/linnarsson/transcriptome/sncell/10x_v3/human/raw/10X241-1/HYLHJDSXX/10X241-1_S6_L002.fastq.tar
10X241-1	10X241_1_S6_L003.fastq.tar	https://data.nemoarchive.org/biccn/grant/u01_lein/linnarsson/transcriptome/sncell/10x_v3/human/raw/10X241-1/HYLHJDSXX/10X241-1_S6_L003.fastq.tar
10X241-1	10X241_1_S6_L004.fastq.tar	https://data.nemoarchive.org/biccn/grant/u01_lein/linnarsson/transcriptome/sncell/10x_v3/human/raw/10X241-1/HYLHJDSXX/10X241-1_S6_L004.fastq.tar
10X241-2	10X241_2_S25_L001.fastq.tar	https://data.nemoarchive.org/biccn/grant/u01_lein/linnarsson/transcriptome/sncell/10x_v3/human/raw/10X241-2/HWVTYAFXY/10X241-2_S25_L001.fastq.tar
10X241-2	10X241_2_S25_L002.fastq.tar	https://data.nemoarchive.org/biccn/grant/u01_lein/linnarsson/transcriptome/sncell/10x_v3/human/raw/10X241-2/HWVTYAFXY/10X241-2_S25_L002.fastq.tar
10X241-2	10X241_2_S25_L003.fastq.tar	https://data.nemoarchive.org/biccn/grant/u01_lein/linnarsson/transcriptome/sncell/10x_v3/human/raw/10X241-2/HWVTYAFXY/10X241-2_S25_L003.fastq.tar
10X241-2	10X241_2_S25_L004.fastq.tar	https://data.nemoarchive.org/biccn/grant/u01_lein/linnarsson/transcriptome/sncell/10x_v3/human/raw/10X241-2/HWVTYAFXY/10X241-2_S25_L004.fastq.tar
10X241-2	10X241_2_S7_L001.fastq.tar	https://data.nemoarchive.org/biccn/grant/u01_lein/linnarsson/transcriptome/sncell/10x_v3/human/raw/10X241-2/HYLHJDSXX/10X241-2_S7_L001.fastq.tar
10X241-2	10X241_2_S7_L002.fastq.tar	https://data.nemoarchive.org/biccn/grant/u01_lein/linnarsson/transcriptome/sncell/10x_v3/human/raw/10X241-2/HYLHJDSXX/10X241-2_S7_L002.fastq.tar
10X241-2	10X241_2_S7_L003.fastq.tar	https://data.nemoarchive.org/biccn/grant/u01_lein/linnarsson/transcriptome/sncell/10x_v3/human/raw/10X241-2/HYLHJDSXX/10X241-2_S7_L003.fastq.tar
10X241-2	10X241_2_S7_L004.fastq.tar	https://data.nemoarchive.org/biccn/grant/u01_lein/linnarsson/transcriptome/sncell/10x_v3/human/raw/10X241-2/HYLHJDSXX/10X241-2_S7_L004.fastq.tar
10X241-3	10X241_3_S26_L001.fastq.tar	https://data.nemoarchive.org/biccn/grant/u01_lein/linnarsson/transcriptome/sncell/10x_v3/human/raw/10X241-3/HWVTYAFXY/10X241-3_S26_L001.fastq.tar
10X241-3	10X241_3_S26_L002.fastq.tar	https://data.nemoarchive.org/biccn/grant/u01_lein/linnarsson/transcriptome/sncell/10x_v3/human/raw/10X241-3/HWVTYAFXY/10X241-3_S26_L002.fastq.tar
10X241-3	10X241_3_S26_L003.fastq.tar	https://data.nemoarchive.org/biccn/grant/u01_lein/linnarsson/transcriptome/sncell/10x_v3/human/raw/10X241-3/HWVTYAFXY/10X241-3_S26_L003.fastq.tar
10X241-3	10X241_3_S26_L004.fastq.tar	https://data.nemoarchive.org/biccn/grant/u01_lein/linnarsson/transcriptome/sncell/10x_v3/human/raw/10X241-3/HWVTYAFXY/10X241-3_S26_L004.fastq.tar
10X241-3	10X241_3_S8_L001.fastq.tar	https://data.nemoarchive.org/biccn/grant/u01_lein/linnarsson/transcriptome/sncell/10x_v3/human/raw/10X241-3/HYLHJDSXX/10X241-3_S8_L001.fastq.tar
10X241-3	10X241_3_S8_L002.fastq.tar	https://data.nemoarchive.org/biccn/grant/u01_lein/linnarsson/transcriptome/sncell/10x_v3/human/raw/10X241-3/HYLHJDSXX/10X241-3_S8_L002.fastq.tar
10X241-3	10X241_3_S8_L003.fastq.tar	https://data.nemoarchive.org/biccn/grant/u01_lein/linnarsson/transcriptome/sncell/10x_v3/human/raw/10X241-3/HYLHJDSXX/10X241-3_S8_L003.fastq.tar
10X241-3	10X241_3_S8_L004.fastq.tar	https://data.nemoarchive.org/biccn/grant/u01_lein/linnarsson/transcriptome/sncell/10x_v3/human/raw/10X241-3/HYLHJDSXX/10X241-3_S8_L004.fastq.tar
10X241-4	10X241_4_S27_L001.fastq.tar	https://data.nemoarchive.org/biccn/grant/u01_lein/linnarsson/transcriptome/sncell/10x_v3/human/raw/10X241-4/HWVTYAFXY/10X241-4_S27_L001.fastq.tar
10X241-4	10X241_4_S27_L002.fastq.tar	https://data.nemoarchive.org/biccn/grant/u01_lein/linnarsson/transcriptome/sncell/10x_v3/human/raw/10X241-4/HWVTYAFXY/10X241-4_S27_L002.fastq.tar
10X241-4	10X241_4_S27_L003.fastq.tar	https://data.nemoarchive.org/biccn/grant/u01_lein/linnarsson/transcriptome/sncell/10x_v3/human/raw/10X241-4/HWVTYAFXY/10X241-4_S27_L003.fastq.tar
10X241-4	10X241_4_S27_L004.fastq.tar	https://data.nemoarchive.org/biccn/grant/u01_lein/linnarsson/transcriptome/sncell/10x_v3/human/raw/10X241-4/HWVTYAFXY/10X241-4_S27_L004.fastq.tar
10X241-4	10X241_4_S9_L001.fastq.tar	https://data.nemoarchive.org/biccn/grant/u01_lein/linnarsson/transcriptome/sncell/10x_v3/human/raw/10X241-4/HYLHJDSXX/10X241-4_S9_L001.fastq.tar
10X241-4	10X241_4_S9_L002.fastq.tar	https://data.nemoarchive.org/biccn/grant/u01_lein/linnarsson/transcriptome/sncell/10x_v3/human/raw/10X241-4/HYLHJDSXX/10X241-4_S9_L002.fastq.tar
10X241-4	10X241_4_S9_L003.fastq.tar	https://data.nemoarchive.org/biccn/grant/u01_lein/linnarsson/transcriptome/sncell/10x_v3/human/raw/10X241-4/HYLHJDSXX/10X241-4_S9_L003.fastq.tar
10X241-4	10X241_4_S9_L004.fastq.tar	https://data.nemoarchive.org/biccn/grant/u01_lein/linnarsson/transcriptome/sncell/10x_v3/human/raw/10X241-4/HYLHJDSXX/10X241-4_S9_L004.fastq.tar
10X241-5	10X241_5_S28_L001.fastq.tar	https://data.nemoarchive.org/biccn/grant/u01_lein/linnarsson/transcriptome/sncell/10x_v3/human/raw/10X241-5/HWVTYAFXY/10X241-5_S28_L001.fastq.tar
10X241-5	10X241_5_S28_L002.fastq.tar	https://data.nemoarchive.org/biccn/grant/u01_lein/linnarsson/transcriptome/sncell/10x_v3/human/raw/10X241-5/HWVTYAFXY/10X241-5_S28_L002.fastq.tar
10X241-5	10X241_5_S28_L003.fastq.tar	https://data.nemoarchive.org/biccn/grant/u01_lein/linnarsson/transcriptome/sncell/10x_v3/human/raw/10X241-5/HWVTYAFXY/10X241-5_S28_L003.fastq.tar
10X241-5	10X241_5_S28_L004.fastq.tar	https://data.nemoarchive.org/biccn/grant/u01_lein/linnarsson/transcriptome/sncell/10x_v3/human/raw/10X241-5/HWVTYAFXY/10X241-5_S28_L004.fastq.tar
10X241-5	10X241_5_S10_L001.fastq.tar	https://data.nemoarchive.org/biccn/grant/u01_lein/linnarsson/transcriptome/sncell/10x_v3/human/raw/10X241-5/HYLHJDSXX/10X241-5_S10_L001.fastq.tar
10X241-5	10X241_5_S10_L002.fastq.tar	https://data.nemoarchive.org/biccn/grant/u01_lein/linnarsson/transcriptome/sncell/10x_v3/human/raw/10X241-5/HYLHJDSXX/10X241-5_S10_L002.fastq.tar
10X241-5	10X241_5_S10_L003.fastq.tar	https://data.nemoarchive.org/biccn/grant/u01_lein/linnarsson/transcriptome/sncell/10x_v3/human/raw/10X241-5/HYLHJDSXX/10X241-5_S10_L003.fastq.tar
10X241-5	10X241_5_S10_L004.fastq.tar	https://data.nemoarchive.org/biccn/grant/u01_lein/linnarsson/transcriptome/sncell/10x_v3/human/raw/10X241-5/HYLHJDSXX/10X241-5_S10_L004.fastq.tar
10X241-6	10X241_6_S29_L001.fastq.tar	https://data.nemoarchive.org/biccn/grant/u01_lein/linnarsson/transcriptome/sncell/10x_v3/human/raw/10X241-6/HWVTYAFXY/10X241-6_S29_L001.fastq.tar
10X241-6	10X241_6_S29_L002.fastq.tar	https://data.nemoarchive.org/biccn/grant/u01_lein/linnarsson/transcriptome/sncell/10x_v3/human/raw/10X241-6/HWVTYAFXY/10X241-6_S29_L002.fastq.tar
10X241-6	10X241_6_S29_L003.fastq.tar	https://data.nemoarchive.org/biccn/grant/u01_lein/linnarsson/transcriptome/sncell/10x_v3/human/raw/10X241-6/HWVTYAFXY/10X241-6_S29_L003.fastq.tar
10X241-6	10X241_6_S29_L004.fastq.tar	https://data.nemoarchive.org/biccn/grant/u01_lein/linnarsson/transcriptome/sncell/10x_v3/human/raw/10X241-6/HWVTYAFXY/10X241-6_S29_L004.fastq.tar
10X241-6	10X241_6_S11_L001.fastq.tar	https://data.nemoarchive.org/biccn/grant/u01_lein/linnarsson/transcriptome/sncell/10x_v3/human/raw/10X241-6/HYLHJDSXX/10X241-6_S11_L001.fastq.tar
10X241-6	10X241_6_S11_L002.fastq.tar	https://data.nemoarchive.org/biccn/grant/u01_lein/linnarsson/transcriptome/sncell/10x_v3/human/raw/10X241-6/HYLHJDSXX/10X241-6_S11_L002.fastq.tar
10X241-6	10X241_6_S11_L003.fastq.tar	https://data.nemoarchive.org/biccn/grant/u01_lein/linnarsson/transcriptome/sncell/10x_v3/human/raw/10X241-6/HYLHJDSXX/10X241-6_S11_L003.fastq.tar
10X241-6	10X241_6_S11_L004.fastq.tar	https://data.nemoarchive.org/biccn/grant/u01_lein/linnarsson/transcriptome/sncell/10x_v3/human/raw/10X241-6/HYLHJDSXX/10X241-6_S11_L004.fastq.tar
10X241-7	10X241_7_S30_L001.fastq.tar	https://data.nemoarchive.org/biccn/grant/u01_lein/linnarsson/transcriptome/sncell/10x_v3/human/raw/10X241-7/HWVTYAFXY/10X241-7_S30_L001.fastq.tar
10X241-7	10X241_7_S30_L002.fastq.tar	https://data.nemoarchive.org/biccn/grant/u01_lein/linnarsson/transcriptome/sncell/10x_v3/human/raw/10X241-7/HWVTYAFXY/10X241-7_S30_L002.fastq.tar
10X241-7	10X241_7_S30_L003.fastq.tar	https://data.nemoarchive.org/biccn/grant/u01_lein/linnarsson/transcriptome/sncell/10x_v3/human/raw/10X241-7/HWVTYAFXY/10X241-7_S30_L003.fastq.tar
10X241-7	10X241_7_S30_L004.fastq.tar	https://data.nemoarchive.org/biccn/grant/u01_lein/linnarsson/transcriptome/sncell/10x_v3/human/raw/10X241-7/HWVTYAFXY/10X241-7_S30_L004.fastq.tar
10X241-7	10X241_7_S12_L001.fastq.tar	https://data.nemoarchive.org/biccn/grant/u01_lein/linnarsson/transcriptome/sncell/10x_v3/human/raw/10X241-7/HYLHJDSXX/10X241-7_S12_L001.fastq.tar
10X241-7	10X241_7_S12_L002.fastq.tar	https://data.nemoarchive.org/biccn/grant/u01_lein/linnarsson/transcriptome/sncell/10x_v3/human/raw/10X241-7/HYLHJDSXX/10X241-7_S12_L002.fastq.tar
10X241-7	10X241_7_S12_L003.fastq.tar	https://data.nemoarchive.org/biccn/grant/u01_lein/linnarsson/transcriptome/sncell/10x_v3/human/raw/10X241-7/HYLHJDSXX/10X241-7_S12_L003.fastq.tar
10X241-7	10X241_7_S12_L004.fastq.tar	https://data.nemoarchive.org/biccn/grant/u01_lein/linnarsson/transcriptome/sncell/10x_v3/human/raw/10X241-7/HYLHJDSXX/10X241-7_S12_L004.fastq.tar
10X241-8	10X241_8_S31_L001.fastq.tar	https://data.nemoarchive.org/biccn/grant/u01_lein/linnarsson/transcriptome/sncell/10x_v3/human/raw/10X241-8/HWVTYAFXY/10X241-8_S31_L001.fastq.tar
10X241-8	10X241_8_S31_L002.fastq.tar	https://data.nemoarchive.org/biccn/grant/u01_lein/linnarsson/transcriptome/sncell/10x_v3/human/raw/10X241-8/HWVTYAFXY/10X241-8_S31_L002.fastq.tar
10X241-8	10X241_8_S31_L003.fastq.tar	https://data.nemoarchive.org/biccn/grant/u01_lein/linnarsson/transcriptome/sncell/10x_v3/human/raw/10X241-8/HWVTYAFXY/10X241-8_S31_L003.fastq.tar
10X241-8	10X241_8_S31_L004.fastq.tar	https://data.nemoarchive.org/biccn/grant/u01_lein/linnarsson/transcriptome/sncell/10x_v3/human/raw/10X241-8/HWVTYAFXY/10X241-8_S31_L004.fastq.tar
10X241-8	10X241_8_S13_L001.fastq.tar	https://data.nemoarchive.org/biccn/grant/u01_lein/linnarsson/transcriptome/sncell/10x_v3/human/raw/10X241-8/HYLHJDSXX/10X241-8_S13_L001.fastq.tar
10X241-8	10X241_8_S13_L002.fastq.tar	https://data.nemoarchive.org/biccn/grant/u01_lein/linnarsson/transcriptome/sncell/10x_v3/human/raw/10X241-8/HYLHJDSXX/10X241-8_S13_L002.fastq.tar
10X241-8	10X241_8_S13_L003.fastq.tar	https://data.nemoarchive.org/biccn/grant/u01_lein/linnarsson/transcriptome/sncell/10x_v3/human/raw/10X241-8/HYLHJDSXX/10X241-8_S13_L003.fastq.tar
10X241-8	10X241_8_S13_L004.fastq.tar	https://data.nemoarchive.org/biccn/grant/u01_lein/linnarsson/transcriptome/sncell/10x_v3/human/raw/10X241-8/HYLHJDSXX/10X241-8_S13_L004.fastq.tar
10X243-1	10X243_1_S32_L001.fastq.tar	https://data.nemoarchive.org/biccn/grant/u01_lein/linnarsson/transcriptome/sncell/10x_v3/human/raw/10X243-1/HWVTYAFXY/10X243-1_S32_L001.fastq.tar
10X243-1	10X243_1_S32_L002.fastq.tar	https://data.nemoarchive.org/biccn/grant/u01_lein/linnarsson/transcriptome/sncell/10x_v3/human/raw/10X243-1/HWVTYAFXY/10X243-1_S32_L002.fastq.tar
10X243-1	10X243_1_S32_L003.fastq.tar	https://data.nemoarchive.org/biccn/grant/u01_lein/linnarsson/transcriptome/sncell/10x_v3/human/raw/10X243-1/HWVTYAFXY/10X243-1_S32_L003.fastq.tar
10X243-1	10X243_1_S32_L004.fastq.tar	https://data.nemoarchive.org/biccn/grant/u01_lein/linnarsson/transcriptome/sncell/10x_v3/human/raw/10X243-1/HWVTYAFXY/10X243-1_S32_L004.fastq.tar
10X243-1	10X243_1_S14_L001.fastq.tar	https://data.nemoarchive.org/biccn/grant/u01_lein/linnarsson/transcriptome/sncell/10x_v3/human/raw/10X243-1/HYLHJDSXX/10X243-1_S14_L001.fastq.tar
10X243-1	10X243_1_S14_L002.fastq.tar	https://data.nemoarchive.org/biccn/grant/u01_lein/linnarsson/transcriptome/sncell/10x_v3/human/raw/10X243-1/HYLHJDSXX/10X243-1_S14_L002.fastq.tar
10X243-1	10X243_1_S14_L003.fastq.tar	https://data.nemoarchive.org/biccn/grant/u01_lein/linnarsson/transcriptome/sncell/10x_v3/human/raw/10X243-1/HYLHJDSXX/10X243-1_S14_L003.fastq.tar
10X243-1	10X243_1_S14_L004.fastq.tar	https://data.nemoarchive.org/biccn/grant/u01_lein/linnarsson/transcriptome/sncell/10x_v3/human/raw/10X243-1/HYLHJDSXX/10X243-1_S14_L004.fastq.tar
10X243-2	10X243_2_S33_L001.fastq.tar	https://data.nemoarchive.org/biccn/grant/u01_lein/linnarsson/transcriptome/sncell/10x_v3/human/raw/10X243-2/HWVTYAFXY/10X243-2_S33_L001.fastq.tar
10X243-2	10X243_2_S33_L002.fastq.tar	https://data.nemoarchive.org/biccn/grant/u01_lein/linnarsson/transcriptome/sncell/10x_v3/human/raw/10X243-2/HWVTYAFXY/10X243-2_S33_L002.fastq.tar
10X243-2	10X243_2_S33_L003.fastq.tar	https://data.nemoarchive.org/biccn/grant/u01_lein/linnarsson/transcriptome/sncell/10x_v3/human/raw/10X243-2/HWVTYAFXY/10X243-2_S33_L003.fastq.tar
10X243-2	10X243_2_S33_L004.fastq.tar	https://data.nemoarchive.org/biccn/grant/u01_lein/linnarsson/transcriptome/sncell/10x_v3/human/raw/10X243-2/HWVTYAFXY/10X243-2_S33_L004.fastq.tar
10X243-2	10X243_2_S15_L001.fastq.tar	https://data.nemoarchive.org/biccn/grant/u01_lein/linnarsson/transcriptome/sncell/10x_v3/human/raw/10X243-2/HYLHJDSXX/10X243-2_S15_L001.fastq.tar
10X243-2	10X243_2_S15_L002.fastq.tar	https://data.nemoarchive.org/biccn/grant/u01_lein/linnarsson/transcriptome/sncell/10x_v3/human/raw/10X243-2/HYLHJDSXX/10X243-2_S15_L002.fastq.tar
10X243-2	10X243_2_S15_L003.fastq.tar	https://data.nemoarchive.org/biccn/grant/u01_lein/linnarsson/transcriptome/sncell/10x_v3/human/raw/10X243-2/HYLHJDSXX/10X243-2_S15_L003.fastq.tar
10X243-2	10X243_2_S15_L004.fastq.tar	https://data.nemoarchive.org/biccn/grant/u01_lein/linnarsson/transcriptome/sncell/10x_v3/human/raw/10X243-2/HYLHJDSXX/10X243-2_S15_L004.fastq.tar
10X243-3	10X243_3_S34_L001.fastq.tar	https://data.nemoarchive.org/biccn/grant/u01_lein/linnarsson/transcriptome/sncell/10x_v3/human/raw/10X243-3/HWVTYAFXY/10X243-3_S34_L001.fastq.tar
10X243-3	10X243_3_S34_L002.fastq.tar	https://data.nemoarchive.org/biccn/grant/u01_lein/linnarsson/transcriptome/sncell/10x_v3/human/raw/10X243-3/HWVTYAFXY/10X243-3_S34_L002.fastq.tar
10X243-3	10X243_3_S34_L003.fastq.tar	https://data.nemoarchive.org/biccn/grant/u01_lein/linnarsson/transcriptome/sncell/10x_v3/human/raw/10X243-3/HWVTYAFXY/10X243-3_S34_L003.fastq.tar
10X243-3	10X243_3_S34_L004.fastq.tar	https://data.nemoarchive.org/biccn/grant/u01_lein/linnarsson/transcriptome/sncell/10x_v3/human/raw/10X243-3/HWVTYAFXY/10X243-3_S34_L004.fastq.tar
10X243-3	10X243_3_S16_L001.fastq.tar	https://data.nemoarchive.org/biccn/grant/u01_lein/linnarsson/transcriptome/sncell/10x_v3/human/raw/10X243-3/HYLHJDSXX/10X243-3_S16_L001.fastq.tar
10X243-3	10X243_3_S16_L002.fastq.tar	https://data.nemoarchive.org/biccn/grant/u01_lein/linnarsson/transcriptome/sncell/10x_v3/human/raw/10X243-3/HYLHJDSXX/10X243-3_S16_L002.fastq.tar
10X243-3	10X243_3_S16_L003.fastq.tar	https://data.nemoarchive.org/biccn/grant/u01_lein/linnarsson/transcriptome/sncell/10x_v3/human/raw/10X243-3/HYLHJDSXX/10X243-3_S16_L003.fastq.tar
10X243-3	10X243_3_S16_L004.fastq.tar	https://data.nemoarchive.org/biccn/grant/u01_lein/linnarsson/transcriptome/sncell/10x_v3/human/raw/10X243-3/HYLHJDSXX/10X243-3_S16_L004.fastq.tar
10X243-4	10X243_4_S35_L001.fastq.tar	https://data.nemoarchive.org/biccn/grant/u01_lein/linnarsson/transcriptome/sncell/10x_v3/human/raw/10X243-4/HWVTYAFXY/10X243-4_S35_L001.fastq.tar
10X243-4	10X243_4_S35_L002.fastq.tar	https://data.nemoarchive.org/biccn/grant/u01_lein/linnarsson/transcriptome/sncell/10x_v3/human/raw/10X243-4/HWVTYAFXY/10X243-4_S35_L002.fastq.tar
10X243-4	10X243_4_S35_L003.fastq.tar	https://data.nemoarchive.org/biccn/grant/u01_lein/linnarsson/transcriptome/sncell/10x_v3/human/raw/10X243-4/HWVTYAFXY/10X243-4_S35_L003.fastq.tar
10X243-4	10X243_4_S35_L004.fastq.tar	https://data.nemoarchive.org/biccn/grant/u01_lein/linnarsson/transcriptome/sncell/10x_v3/human/raw/10X243-4/HWVTYAFXY/10X243-4_S35_L004.fastq.tar
10X243-4	10X243_4_S17_L001.fastq.tar	https://data.nemoarchive.org/biccn/grant/u01_lein/linnarsson/transcriptome/sncell/10x_v3/human/raw/10X243-4/HYLHJDSXX/10X243-4_S17_L001.fastq.tar
10X243-4	10X243_4_S17_L002.fastq.tar	https://data.nemoarchive.org/biccn/grant/u01_lein/linnarsson/transcriptome/sncell/10x_v3/human/raw/10X243-4/HYLHJDSXX/10X243-4_S17_L002.fastq.tar
10X243-4	10X243_4_S17_L003.fastq.tar	https://data.nemoarchive.org/biccn/grant/u01_lein/linnarsson/transcriptome/sncell/10x_v3/human/raw/10X243-4/HYLHJDSXX/10X243-4_S17_L003.fastq.tar
10X243-4	10X243_4_S17_L004.fastq.tar	https://data.nemoarchive.org/biccn/grant/u01_lein/linnarsson/transcriptome/sncell/10x_v3/human/raw/10X243-4/HYLHJDSXX/10X243-4_S17_L004.fastq.tar
10X243-5	10X243_5_S36_L001.fastq.tar	https://data.nemoarchive.org/biccn/grant/u01_lein/linnarsson/transcriptome/sncell/10x_v3/human/raw/10X243-5/HWVTYAFXY/10X243-5_S36_L001.fastq.tar
10X243-5	10X243_5_S36_L002.fastq.tar	https://data.nemoarchive.org/biccn/grant/u01_lein/linnarsson/transcriptome/sncell/10x_v3/human/raw/10X243-5/HWVTYAFXY/10X243-5_S36_L002.fastq.tar
10X243-5	10X243_5_S36_L003.fastq.tar	https://data.nemoarchive.org/biccn/grant/u01_lein/linnarsson/transcriptome/sncell/10x_v3/human/raw/10X243-5/HWVTYAFXY/10X243-5_S36_L003.fastq.tar
10X243-5	10X243_5_S36_L004.fastq.tar	https://data.nemoarchive.org/biccn/grant/u01_lein/linnarsson/transcriptome/sncell/10x_v3/human/raw/10X243-5/HWVTYAFXY/10X243-5_S36_L004.fastq.tar
10X243-5	10X243_5_S18_L001.fastq.tar	https://data.nemoarchive.org/biccn/grant/u01_lein/linnarsson/transcriptome/sncell/10x_v3/human/raw/10X243-5/HYLHJDSXX/10X243-5_S18_L001.fastq.tar
10X243-5	10X243_5_S18_L002.fastq.tar	https://data.nemoarchive.org/biccn/grant/u01_lein/linnarsson/transcriptome/sncell/10x_v3/human/raw/10X243-5/HYLHJDSXX/10X243-5_S18_L002.fastq.tar
10X243-5	10X243_5_S18_L003.fastq.tar	https://data.nemoarchive.org/biccn/grant/u01_lein/linnarsson/transcriptome/sncell/10x_v3/human/raw/10X243-5/HYLHJDSXX/10X243-5_S18_L003.fastq.tar
10X243-5	10X243_5_S18_L004.fastq.tar	https://data.nemoarchive.org/biccn/grant/u01_lein/linnarsson/transcriptome/sncell/10x_v3/human/raw/10X243-5/HYLHJDSXX/10X243-5_S18_L004.fastq.tar
10X243-6	10X243_6_S37_L001.fastq.tar	https://data.nemoarchive.org/biccn/grant/u01_lein/linnarsson/transcriptome/sncell/10x_v3/human/raw/10X243-6/HWVTYAFXY/10X243-6_S37_L001.fastq.tar
10X243-6	10X243_6_S37_L002.fastq.tar	https://data.nemoarchive.org/biccn/grant/u01_lein/linnarsson/transcriptome/sncell/10x_v3/human/raw/10X243-6/HWVTYAFXY/10X243-6_S37_L002.fastq.tar
10X243-6	10X243_6_S37_L003.fastq.tar	https://data.nemoarchive.org/biccn/grant/u01_lein/linnarsson/transcriptome/sncell/10x_v3/human/raw/10X243-6/HWVTYAFXY/10X243-6_S37_L003.fastq.tar
10X243-6	10X243_6_S37_L004.fastq.tar	https://data.nemoarchive.org/biccn/grant/u01_lein/linnarsson/transcriptome/sncell/10x_v3/human/raw/10X243-6/HWVTYAFXY/10X243-6_S37_L004.fastq.tar
10X243-6	10X243_6_S19_L001.fastq.tar	https://data.nemoarchive.org/biccn/grant/u01_lein/linnarsson/transcriptome/sncell/10x_v3/human/raw/10X243-6/HYLHJDSXX/10X243-6_S19_L001.fastq.tar
10X243-6	10X243_6_S19_L002.fastq.tar	https://data.nemoarchive.org/biccn/grant/u01_lein/linnarsson/transcriptome/sncell/10x_v3/human/raw/10X243-6/HYLHJDSXX/10X243-6_S19_L002.fastq.tar
10X243-6	10X243_6_S19_L003.fastq.tar	https://data.nemoarchive.org/biccn/grant/u01_lein/linnarsson/transcriptome/sncell/10x_v3/human/raw/10X243-6/HYLHJDSXX/10X243-6_S19_L003.fastq.tar
10X243-6	10X243_6_S19_L004.fastq.tar	https://data.nemoarchive.org/biccn/grant/u01_lein/linnarsson/transcriptome/sncell/10x_v3/human/raw/10X243-6/HYLHJDSXX/10X243-6_S19_L004.fastq.tar
10X243-7	10X243_7_S38_L001.fastq.tar	https://data.nemoarchive.org/biccn/grant/u01_lein/linnarsson/transcriptome/sncell/10x_v3/human/raw/10X243-7/HWVTYAFXY/10X243-7_S38_L001.fastq.tar
10X243-7	10X243_7_S38_L002.fastq.tar	https://data.nemoarchive.org/biccn/grant/u01_lein/linnarsson/transcriptome/sncell/10x_v3/human/raw/10X243-7/HWVTYAFXY/10X243-7_S38_L002.fastq.tar
10X243-7	10X243_7_S38_L003.fastq.tar	https://data.nemoarchive.org/biccn/grant/u01_lein/linnarsson/transcriptome/sncell/10x_v3/human/raw/10X243-7/HWVTYAFXY/10X243-7_S38_L003.fastq.tar
10X243-7	10X243_7_S38_L004.fastq.tar	https://data.nemoarchive.org/biccn/grant/u01_lein/linnarsson/transcriptome/sncell/10x_v3/human/raw/10X243-7/HWVTYAFXY/10X243-7_S38_L004.fastq.tar
10X243-7	10X243_7_S20_L001.fastq.tar	https://data.nemoarchive.org/biccn/grant/u01_lein/linnarsson/transcriptome/sncell/10x_v3/human/raw/10X243-7/HYLHJDSXX/10X243-7_S20_L001.fastq.tar
10X243-7	10X243_7_S20_L002.fastq.tar	https://data.nemoarchive.org/biccn/grant/u01_lein/linnarsson/transcriptome/sncell/10x_v3/human/raw/10X243-7/HYLHJDSXX/10X243-7_S20_L002.fastq.tar
10X243-7	10X243_7_S20_L003.fastq.tar	https://data.nemoarchive.org/biccn/grant/u01_lein/linnarsson/transcriptome/sncell/10x_v3/human/raw/10X243-7/HYLHJDSXX/10X243-7_S20_L003.fastq.tar
10X243-7	10X243_7_S20_L004.fastq.tar	https://data.nemoarchive.org/biccn/grant/u01_lein/linnarsson/transcriptome/sncell/10x_v3/human/raw/10X243-7/HYLHJDSXX/10X243-7_S20_L004.fastq.tar
10X243-8	10X243_8_S39_L001.fastq.tar	https://data.nemoarchive.org/biccn/grant/u01_lein/linnarsson/transcriptome/sncell/10x_v3/human/raw/10X243-8/HWVTYAFXY/10X243-8_S39_L001.fastq.tar
10X243-8	10X243_8_S39_L002.fastq.tar	https://data.nemoarchive.org/biccn/grant/u01_lein/linnarsson/transcriptome/sncell/10x_v3/human/raw/10X243-8/HWVTYAFXY/10X243-8_S39_L002.fastq.tar
10X243-8	10X243_8_S39_L003.fastq.tar	https://data.nemoarchive.org/biccn/grant/u01_lein/linnarsson/transcriptome/sncell/10x_v3/human/raw/10X243-8/HWVTYAFXY/10X243-8_S39_L003.fastq.tar
10X243-8	10X243_8_S39_L004.fastq.tar	https://data.nemoarchive.org/biccn/grant/u01_lein/linnarsson/transcriptome/sncell/10x_v3/human/raw/10X243-8/HWVTYAFXY/10X243-8_S39_L004.fastq.tar
10X243-8	10X243_8_S21_L001.fastq.tar	https://data.nemoarchive.org/biccn/grant/u01_lein/linnarsson/transcriptome/sncell/10x_v3/human/raw/10X243-8/HYLHJDSXX/10X243-8_S21_L001.fastq.tar
10X243-8	10X243_8_S21_L002.fastq.tar	https://data.nemoarchive.org/biccn/grant/u01_lein/linnarsson/transcriptome/sncell/10x_v3/human/raw/10X243-8/HYLHJDSXX/10X243-8_S21_L002.fastq.tar
10X243-8	10X243_8_S21_L003.fastq.tar	https://data.nemoarchive.org/biccn/grant/u01_lein/linnarsson/transcriptome/sncell/10x_v3/human/raw/10X243-8/HYLHJDSXX/10X243-8_S21_L003.fastq.tar
10X243-8	10X243_8_S21_L004.fastq.tar	https://data.nemoarchive.org/biccn/grant/u01_lein/linnarsson/transcriptome/sncell/10x_v3/human/raw/10X243-8/HYLHJDSXX/10X243-8_S21_L004.fastq.tar
10X248-6	10X248_6_S01_L003_001.fastq.tar	https://data.nemoarchive.org/biccn/grant/u01_lein/linnarsson/transcriptome/sncell/10x_v3/human/raw/10X248-6_S01_L003-001.fastq.tar
10X248-8	10X248_8_S01_L003_001.fastq.tar	https://data.nemoarchive.org/biccn/grant/u01_lein/linnarsson/transcriptome/sncell/10x_v3/human/raw/10X248-8_S01_L003-001.fastq.tar
10X269-2	10X269_2_S01_L003_001.fastq.tar	https://data.nemoarchive.org/biccn/grant/u01_lein/linnarsson/transcriptome/sncell/10x_v3/human/raw/10X269-2_S01_L003-001.fastq.tar
10X276-6	10X276_6_S01_L003_001.fastq.tar	https://data.nemoarchive.org/biccn/grant/u01_lein/linnarsson/transcriptome/sncell/10x_v3/human/raw/10X276-6_S01_L003-001.fastq.tar
10X350-1	10X350_1_S01_L003_001.fastq.tar	https://data.nemoarchive.org/biccn/grant/u01_lein/linnarsson/transcriptome/sncell/10x_v3/human/raw/10X350-1_S01_L003-001.fastq.tar
10X350-2	10X350_2_S01_L003_001.fastq.tar	https://data.nemoarchive.org/biccn/grant/u01_lein/linnarsson/transcriptome/sncell/10x_v3/human/raw/10X350-2_S01_L003-001.fastq.tar
10X353-3	10X353_3_S01_L003_001.fastq.tar	https://data.nemoarchive.org/biccn/grant/u01_lein/linnarsson/transcriptome/sncell/10x_v3/human/raw/10X353-3_S01_L003-001.fastq.tar
10X355-1	10X355_1_S01_L003_001.fastq.tar	https://data.nemoarchive.org/biccn/grant/u01_lein/linnarsson/transcriptome/sncell/10x_v3/human/raw/10X355-1_S01_L003-001.fastq.tar
10X356-3	10X356_3_S01_L003_001.fastq.tar	https://data.nemoarchive.org/biccn/grant/u01_lein/linnarsson/transcriptome/sncell/10x_v3/human/raw/10X356-3_S01_L003-001.fastq.tar
10X356-4	10X356_4_S01_L003_001.fastq.tar	https://data.nemoarchive.org/biccn/grant/u01_lein/linnarsson/transcriptome/sncell/10x_v3/human/raw/10X356-4_S01_L003-001.fastq.tar
10X358-8	10X358_8_S01_L003_001.fastq.tar	https://data.nemoarchive.org/biccn/grant/u01_lein/linnarsson/transcriptome/sncell/10x_v3/human/raw/10X358-8_S01_L003-001.fastq.tar
10X359-2	10X359_2_S01_L003_001.fastq.tar	https://data.nemoarchive.org/biccn/grant/u01_lein/linnarsson/transcriptome/sncell/10x_v3/human/raw/10X359-2_S01_L003-001.fastq.tar
10X359-8	10X359_8_S01_L003_001.fastq.tar	https://data.nemoarchive.org/biccn/grant/u01_lein/linnarsson/transcriptome/sncell/10x_v3/human/raw/10X359-8_S01_L003-001.fastq.tar
10X361-8	10X361_8_S8_L001_001.fastq.tar	https://data.nemoarchive.org/biccn/grant/u01_lein/linnarsson/transcriptome/sncell/10x_v3/human/raw/10X361-8_S8_L001-001.fastq.tar
10X362-4	10X362_4_S12_L001_001.fastq.tar	https://data.nemoarchive.org/biccn/grant/u01_lein/linnarsson/transcriptome/sncell/10x_v3/human/raw/10X362-4_S12_L001-001.fastq.tar
10X362-6	10X362_6_S12_L001_001.fastq.tar	https://data.nemoarchive.org/biccn/grant/u01_lein/linnarsson/transcriptome/sncell/10x_v3/human/raw/10X362-6_S12_L001-001.fastq.tar
10X380-1	10X380_1_S17_L001_001.fastq.tar	https://data.nemoarchive.org/biccn/grant/u01_lein/linnarsson/transcriptome/sncell/10x_v3/human/raw/10X380-1_S17_L001-001.fastq.tar
10X382-2	10X382_2_S9_L001_001.fastq.tar	https://data.nemoarchive.org/biccn/grant/u01_lein/linnarsson/transcriptome/sncell/10x_v3/human/raw/10X382-2_S9_L001-001.fastq.tar
10X382-4	10X382_4_S11_L001_001.fastq.tar	https://data.nemoarchive.org/biccn/grant/u01_lein/linnarsson/transcriptome/sncell/10x_v3/human/raw/10X382-4_S11_L001-001.fastq.tar
10X389-3	10X389_3_S6_L001_001.fastq.tar	https://data.nemoarchive.org/biccn/grant/u01_lein/linnarsson/transcriptome/sncell/10x_v3/human/raw/10X389-3_S6_L001-001.fastq.tar
10X418-6	10X418_6_S4_L001_001.fastq.tar	https://data.nemoarchive.org/biccn/grant/u01_lein/linnarsson/transcriptome/sncell/10x_v3/human/raw/10X418-6_S4_L001-001.fastq.tar
